{"ContentRoots":["C:\\xr_dev\\Wasm64Demo\\WebViewer\\wwwroot\\","C:\\xr_dev\\Wasm64Demo\\WebViewer\\builds\\WebViewer\\Release\\Intermediate\\WebViewer\\net10.0\\scopedcss\\bundle\\","C:\\xr_dev\\Wasm64Demo\\WebViewer\\builds\\WebViewer\\Release\\Output\\net10.0\\wwwroot\\","C:\\Users\\mike.hudson\\.nuget\\packages\\microsoft.aspnetcore.components.customelements\\10.0.0-preview.3.25172.1\\staticwebassets\\"],"Root":{"Children":{"appsettings.json":{"Children":null,"Asset":{"ContentRootIndex":0,"SubPath":"appsettings.json"},"Patterns":null},"demo_script.js":{"Children":null,"Asset":{"ContentRootIndex":0,"SubPath":"demo_script.js"},"Patterns":null},"favicon.png":{"Children":null,"Asset":{"ContentRootIndex":0,"SubPath":"favicon.png"},"Patterns":null},"icon-192.png":{"Children":null,"Asset":{"ContentRootIndex":0,"SubPath":"icon-192.png"},"Patterns":null},"index.html":{"Children":null,"Asset":{"ContentRootIndex":0,"SubPath":"index.html"},"Patterns":null},"load_css.js":{"Children":null,"Asset":{"ContentRootIndex":0,"SubPath":"load_css.js"},"Patterns":null},"web.config":{"Children":null,"Asset":{"ContentRootIndex":0,"SubPath":"web.config"},"Patterns":null},"WebViewer.styles.css":{"Children":null,"Asset":{"ContentRootIndex":1,"SubPath":"WebViewer.styles.css"},"Patterns":null},"_framework":{"Children":{"blazor.webassembly.js":{"Children":null,"Asset":{"ContentRootIndex":2,"SubPath":"_framework/blazor.webassembly.js"},"Patterns":null},"dotnet.boot.js":{"Children":null,"Asset":{"ContentRootIndex":2,"SubPath":"_framework/dotnet.boot.js"},"Patterns":null},"dotnet.js":{"Children":null,"Asset":{"ContentRootIndex":2,"SubPath":"_framework/dotnet.js"},"Patterns":null},"dotnet.js.map":{"Children":null,"Asset":{"ContentRootIndex":2,"SubPath":"_framework/dotnet.js.map"},"Patterns":null},"dotnet.native.8rjzjb7ki9.wasm":{"Children":null,"Asset":{"ContentRootIndex":2,"SubPath":"_framework/dotnet.native.8rjzjb7ki9.wasm"},"Patterns":null},"dotnet.native.s4zeahbhxl.js":{"Children":null,"Asset":{"ContentRootIndex":2,"SubPath":"_framework/dotnet.native.s4zeahbhxl.js"},"Patterns":null},"dotnet.runtime.js.map":{"Children":null,"Asset":{"ContentRootIndex":2,"SubPath":"_framework/dotnet.runtime.js.map"},"Patterns":null},"dotnet.runtime.py96kdg2jj.js":{"Children":null,"Asset":{"ContentRootIndex":2,"SubPath":"_framework/dotnet.runtime.py96kdg2jj.js"},"Patterns":null},"Microsoft.AspNetCore.Authorization.dne59vs7hk.wasm":{"Children":null,"Asset":{"ContentRootIndex":2,"SubPath":"_framework/Microsoft.AspNetCore.Authorization.dne59vs7hk.wasm"},"Patterns":null},"Microsoft.AspNetCore.Components.CustomElements.vsz7znj48b.wasm":{"Children":null,"Asset":{"ContentRootIndex":2,"SubPath":"_framework/Microsoft.AspNetCore.Components.CustomElements.vsz7znj48b.wasm"},"Patterns":null},"Microsoft.AspNetCore.Components.Forms.tjx9osj0w6.wasm":{"Children":null,"Asset":{"ContentRootIndex":2,"SubPath":"_framework/Microsoft.AspNetCore.Components.Forms.tjx9osj0w6.wasm"},"Patterns":null},"Microsoft.AspNetCore.Components.Web.lriqsqe3qf.wasm":{"Children":null,"Asset":{"ContentRootIndex":2,"SubPath":"_framework/Microsoft.AspNetCore.Components.Web.lriqsqe3qf.wasm"},"Patterns":null},"Microsoft.AspNetCore.Components.WebAssembly.qpzcluehil.wasm":{"Children":null,"Asset":{"ContentRootIndex":2,"SubPath":"_framework/Microsoft.AspNetCore.Components.WebAssembly.qpzcluehil.wasm"},"Patterns":null},"Microsoft.AspNetCore.Components.z4s9yrseqb.wasm":{"Children":null,"Asset":{"ContentRootIndex":2,"SubPath":"_framework/Microsoft.AspNetCore.Components.z4s9yrseqb.wasm"},"Patterns":null},"Microsoft.AspNetCore.Metadata.5uhfgr1yr1.wasm":{"Children":null,"Asset":{"ContentRootIndex":2,"SubPath":"_framework/Microsoft.AspNetCore.Metadata.5uhfgr1yr1.wasm"},"Patterns":null},"Microsoft.AspNetCore.WebUtilities.ib1mds22fk.wasm":{"Children":null,"Asset":{"ContentRootIndex":2,"SubPath":"_framework/Microsoft.AspNetCore.WebUtilities.ib1mds22fk.wasm"},"Patterns":null},"Microsoft.CSharp.kg3pexvc27.wasm":{"Children":null,"Asset":{"ContentRootIndex":2,"SubPath":"_framework/Microsoft.CSharp.kg3pexvc27.wasm"},"Patterns":null},"Microsoft.Extensions.Configuration.Abstractions.q6277g4rm2.wasm":{"Children":null,"Asset":{"ContentRootIndex":2,"SubPath":"_framework/Microsoft.Extensions.Configuration.Abstractions.q6277g4rm2.wasm"},"Patterns":null},"Microsoft.Extensions.Configuration.Binder.iuqvuqztnf.wasm":{"Children":null,"Asset":{"ContentRootIndex":2,"SubPath":"_framework/Microsoft.Extensions.Configuration.Binder.iuqvuqztnf.wasm"},"Patterns":null},"Microsoft.Extensions.Configuration.FileExtensions.28urcllqdf.wasm":{"Children":null,"Asset":{"ContentRootIndex":2,"SubPath":"_framework/Microsoft.Extensions.Configuration.FileExtensions.28urcllqdf.wasm"},"Patterns":null},"Microsoft.Extensions.Configuration.Json.g7iqpxuoas.wasm":{"Children":null,"Asset":{"ContentRootIndex":2,"SubPath":"_framework/Microsoft.Extensions.Configuration.Json.g7iqpxuoas.wasm"},"Patterns":null},"Microsoft.Extensions.Configuration.mm0ghqp6aq.wasm":{"Children":null,"Asset":{"ContentRootIndex":2,"SubPath":"_framework/Microsoft.Extensions.Configuration.mm0ghqp6aq.wasm"},"Patterns":null},"Microsoft.Extensions.DependencyInjection.Abstractions.bo9j7h7n56.wasm":{"Children":null,"Asset":{"ContentRootIndex":2,"SubPath":"_framework/Microsoft.Extensions.DependencyInjection.Abstractions.bo9j7h7n56.wasm"},"Patterns":null},"Microsoft.Extensions.DependencyInjection.j1ubrkpz13.wasm":{"Children":null,"Asset":{"ContentRootIndex":2,"SubPath":"_framework/Microsoft.Extensions.DependencyInjection.j1ubrkpz13.wasm"},"Patterns":null},"Microsoft.Extensions.Diagnostics.2gefxnehj6.wasm":{"Children":null,"Asset":{"ContentRootIndex":2,"SubPath":"_framework/Microsoft.Extensions.Diagnostics.2gefxnehj6.wasm"},"Patterns":null},"Microsoft.Extensions.Diagnostics.Abstractions.9w6gpv3gk3.wasm":{"Children":null,"Asset":{"ContentRootIndex":2,"SubPath":"_framework/Microsoft.Extensions.Diagnostics.Abstractions.9w6gpv3gk3.wasm"},"Patterns":null},"Microsoft.Extensions.FileProviders.Abstractions.4rgixn4vhr.wasm":{"Children":null,"Asset":{"ContentRootIndex":2,"SubPath":"_framework/Microsoft.Extensions.FileProviders.Abstractions.4rgixn4vhr.wasm"},"Patterns":null},"Microsoft.Extensions.FileProviders.Physical.fqyf2r1m4d.wasm":{"Children":null,"Asset":{"ContentRootIndex":2,"SubPath":"_framework/Microsoft.Extensions.FileProviders.Physical.fqyf2r1m4d.wasm"},"Patterns":null},"Microsoft.Extensions.FileSystemGlobbing.wqgakij3ly.wasm":{"Children":null,"Asset":{"ContentRootIndex":2,"SubPath":"_framework/Microsoft.Extensions.FileSystemGlobbing.wqgakij3ly.wasm"},"Patterns":null},"Microsoft.Extensions.Logging.110t8iznb4.wasm":{"Children":null,"Asset":{"ContentRootIndex":2,"SubPath":"_framework/Microsoft.Extensions.Logging.110t8iznb4.wasm"},"Patterns":null},"Microsoft.Extensions.Logging.Abstractions.ojd37fcrif.wasm":{"Children":null,"Asset":{"ContentRootIndex":2,"SubPath":"_framework/Microsoft.Extensions.Logging.Abstractions.ojd37fcrif.wasm"},"Patterns":null},"Microsoft.Extensions.Options.ConfigurationExtensions.3k1w7268n7.wasm":{"Children":null,"Asset":{"ContentRootIndex":2,"SubPath":"_framework/Microsoft.Extensions.Options.ConfigurationExtensions.3k1w7268n7.wasm"},"Patterns":null},"Microsoft.Extensions.Options.sxlytv7sde.wasm":{"Children":null,"Asset":{"ContentRootIndex":2,"SubPath":"_framework/Microsoft.Extensions.Options.sxlytv7sde.wasm"},"Patterns":null},"Microsoft.Extensions.Primitives.tz0yrtzs2g.wasm":{"Children":null,"Asset":{"ContentRootIndex":2,"SubPath":"_framework/Microsoft.Extensions.Primitives.tz0yrtzs2g.wasm"},"Patterns":null},"Microsoft.JSInterop.8u1l85uqln.wasm":{"Children":null,"Asset":{"ContentRootIndex":2,"SubPath":"_framework/Microsoft.JSInterop.8u1l85uqln.wasm"},"Patterns":null},"Microsoft.JSInterop.WebAssembly.1hwjckyk8l.wasm":{"Children":null,"Asset":{"ContentRootIndex":2,"SubPath":"_framework/Microsoft.JSInterop.WebAssembly.1hwjckyk8l.wasm"},"Patterns":null},"Microsoft.Net.Http.Headers.stkxji8y0z.wasm":{"Children":null,"Asset":{"ContentRootIndex":2,"SubPath":"_framework/Microsoft.Net.Http.Headers.stkxji8y0z.wasm"},"Patterns":null},"Microsoft.VisualBasic.Core.ohfucc8p7u.wasm":{"Children":null,"Asset":{"ContentRootIndex":2,"SubPath":"_framework/Microsoft.VisualBasic.Core.ohfucc8p7u.wasm"},"Patterns":null},"Microsoft.VisualBasic.dayos4or2m.wasm":{"Children":null,"Asset":{"ContentRootIndex":2,"SubPath":"_framework/Microsoft.VisualBasic.dayos4or2m.wasm"},"Patterns":null},"Microsoft.Win32.Primitives.6jdeus79zw.wasm":{"Children":null,"Asset":{"ContentRootIndex":2,"SubPath":"_framework/Microsoft.Win32.Primitives.6jdeus79zw.wasm"},"Patterns":null},"Microsoft.Win32.Registry.0sn8cgqe2x.wasm":{"Children":null,"Asset":{"ContentRootIndex":2,"SubPath":"_framework/Microsoft.Win32.Registry.0sn8cgqe2x.wasm"},"Patterns":null},"mscorlib.394s2p8dmh.wasm":{"Children":null,"Asset":{"ContentRootIndex":2,"SubPath":"_framework/mscorlib.394s2p8dmh.wasm"},"Patterns":null},"netstandard.sbyf6kj44o.wasm":{"Children":null,"Asset":{"ContentRootIndex":2,"SubPath":"_framework/netstandard.sbyf6kj44o.wasm"},"Patterns":null},"Newtonsoft.Json.qkbufwhni2.wasm":{"Children":null,"Asset":{"ContentRootIndex":2,"SubPath":"_framework/Newtonsoft.Json.qkbufwhni2.wasm"},"Patterns":null},"System.AppContext.sqxy4v1di6.wasm":{"Children":null,"Asset":{"ContentRootIndex":2,"SubPath":"_framework/System.AppContext.sqxy4v1di6.wasm"},"Patterns":null},"System.Buffers.h06842a8yp.wasm":{"Children":null,"Asset":{"ContentRootIndex":2,"SubPath":"_framework/System.Buffers.h06842a8yp.wasm"},"Patterns":null},"System.Collections.66lgaas5l9.wasm":{"Children":null,"Asset":{"ContentRootIndex":2,"SubPath":"_framework/System.Collections.66lgaas5l9.wasm"},"Patterns":null},"System.Collections.Concurrent.en34j2bv8a.wasm":{"Children":null,"Asset":{"ContentRootIndex":2,"SubPath":"_framework/System.Collections.Concurrent.en34j2bv8a.wasm"},"Patterns":null},"System.Collections.Immutable.6iyvk0d7zh.wasm":{"Children":null,"Asset":{"ContentRootIndex":2,"SubPath":"_framework/System.Collections.Immutable.6iyvk0d7zh.wasm"},"Patterns":null},"System.Collections.NonGeneric.9z4tsklpn4.wasm":{"Children":null,"Asset":{"ContentRootIndex":2,"SubPath":"_framework/System.Collections.NonGeneric.9z4tsklpn4.wasm"},"Patterns":null},"System.Collections.Specialized.brb3u3gzqx.wasm":{"Children":null,"Asset":{"ContentRootIndex":2,"SubPath":"_framework/System.Collections.Specialized.brb3u3gzqx.wasm"},"Patterns":null},"System.ComponentModel.Annotations.dhxlnztq4e.wasm":{"Children":null,"Asset":{"ContentRootIndex":2,"SubPath":"_framework/System.ComponentModel.Annotations.dhxlnztq4e.wasm"},"Patterns":null},"System.ComponentModel.DataAnnotations.vbq1doo6ig.wasm":{"Children":null,"Asset":{"ContentRootIndex":2,"SubPath":"_framework/System.ComponentModel.DataAnnotations.vbq1doo6ig.wasm"},"Patterns":null},"System.ComponentModel.EventBasedAsync.0ratqo7kaa.wasm":{"Children":null,"Asset":{"ContentRootIndex":2,"SubPath":"_framework/System.ComponentModel.EventBasedAsync.0ratqo7kaa.wasm"},"Patterns":null},"System.ComponentModel.Primitives.3av1ejf4fp.wasm":{"Children":null,"Asset":{"ContentRootIndex":2,"SubPath":"_framework/System.ComponentModel.Primitives.3av1ejf4fp.wasm"},"Patterns":null},"System.ComponentModel.qiwiabsmpr.wasm":{"Children":null,"Asset":{"ContentRootIndex":2,"SubPath":"_framework/System.ComponentModel.qiwiabsmpr.wasm"},"Patterns":null},"System.ComponentModel.TypeConverter.bpy7h1xklk.wasm":{"Children":null,"Asset":{"ContentRootIndex":2,"SubPath":"_framework/System.ComponentModel.TypeConverter.bpy7h1xklk.wasm"},"Patterns":null},"System.Configuration.ns4qkrrgyn.wasm":{"Children":null,"Asset":{"ContentRootIndex":2,"SubPath":"_framework/System.Configuration.ns4qkrrgyn.wasm"},"Patterns":null},"System.Console.p9z5qqpm2m.wasm":{"Children":null,"Asset":{"ContentRootIndex":2,"SubPath":"_framework/System.Console.p9z5qqpm2m.wasm"},"Patterns":null},"System.Core.oki6oe62zy.wasm":{"Children":null,"Asset":{"ContentRootIndex":2,"SubPath":"_framework/System.Core.oki6oe62zy.wasm"},"Patterns":null},"System.Data.bv2od1kqhk.wasm":{"Children":null,"Asset":{"ContentRootIndex":2,"SubPath":"_framework/System.Data.bv2od1kqhk.wasm"},"Patterns":null},"System.Data.Common.6zp3u467wh.wasm":{"Children":null,"Asset":{"ContentRootIndex":2,"SubPath":"_framework/System.Data.Common.6zp3u467wh.wasm"},"Patterns":null},"System.Data.DataSetExtensions.28msvocwvg.wasm":{"Children":null,"Asset":{"ContentRootIndex":2,"SubPath":"_framework/System.Data.DataSetExtensions.28msvocwvg.wasm"},"Patterns":null},"System.Diagnostics.Contracts.u8xr6lxkpt.wasm":{"Children":null,"Asset":{"ContentRootIndex":2,"SubPath":"_framework/System.Diagnostics.Contracts.u8xr6lxkpt.wasm"},"Patterns":null},"System.Diagnostics.Debug.ulu2c3aedt.wasm":{"Children":null,"Asset":{"ContentRootIndex":2,"SubPath":"_framework/System.Diagnostics.Debug.ulu2c3aedt.wasm"},"Patterns":null},"System.Diagnostics.DiagnosticSource.t4wwol16vb.wasm":{"Children":null,"Asset":{"ContentRootIndex":2,"SubPath":"_framework/System.Diagnostics.DiagnosticSource.t4wwol16vb.wasm"},"Patterns":null},"System.Diagnostics.FileVersionInfo.td7l3n6fgf.wasm":{"Children":null,"Asset":{"ContentRootIndex":2,"SubPath":"_framework/System.Diagnostics.FileVersionInfo.td7l3n6fgf.wasm"},"Patterns":null},"System.Diagnostics.Process.oaeiztp86z.wasm":{"Children":null,"Asset":{"ContentRootIndex":2,"SubPath":"_framework/System.Diagnostics.Process.oaeiztp86z.wasm"},"Patterns":null},"System.Diagnostics.StackTrace.a3z37y6mdo.wasm":{"Children":null,"Asset":{"ContentRootIndex":2,"SubPath":"_framework/System.Diagnostics.StackTrace.a3z37y6mdo.wasm"},"Patterns":null},"System.Diagnostics.TextWriterTraceListener.kc7l03pijb.wasm":{"Children":null,"Asset":{"ContentRootIndex":2,"SubPath":"_framework/System.Diagnostics.TextWriterTraceListener.kc7l03pijb.wasm"},"Patterns":null},"System.Diagnostics.Tools.lrc4m00zfy.wasm":{"Children":null,"Asset":{"ContentRootIndex":2,"SubPath":"_framework/System.Diagnostics.Tools.lrc4m00zfy.wasm"},"Patterns":null},"System.Diagnostics.TraceSource.j4yz20vvok.wasm":{"Children":null,"Asset":{"ContentRootIndex":2,"SubPath":"_framework/System.Diagnostics.TraceSource.j4yz20vvok.wasm"},"Patterns":null},"System.Diagnostics.Tracing.7a459cg8uv.wasm":{"Children":null,"Asset":{"ContentRootIndex":2,"SubPath":"_framework/System.Diagnostics.Tracing.7a459cg8uv.wasm"},"Patterns":null},"System.Drawing.431tc16juh.wasm":{"Children":null,"Asset":{"ContentRootIndex":2,"SubPath":"_framework/System.Drawing.431tc16juh.wasm"},"Patterns":null},"System.Drawing.Primitives.1r40m5b0cn.wasm":{"Children":null,"Asset":{"ContentRootIndex":2,"SubPath":"_framework/System.Drawing.Primitives.1r40m5b0cn.wasm"},"Patterns":null},"System.Dynamic.Runtime.7bxvypwfy9.wasm":{"Children":null,"Asset":{"ContentRootIndex":2,"SubPath":"_framework/System.Dynamic.Runtime.7bxvypwfy9.wasm"},"Patterns":null},"System.Formats.Asn1.fcfkd9naiz.wasm":{"Children":null,"Asset":{"ContentRootIndex":2,"SubPath":"_framework/System.Formats.Asn1.fcfkd9naiz.wasm"},"Patterns":null},"System.Formats.Tar.o83nhvxdtt.wasm":{"Children":null,"Asset":{"ContentRootIndex":2,"SubPath":"_framework/System.Formats.Tar.o83nhvxdtt.wasm"},"Patterns":null},"System.Globalization.Calendars.b8v1skbe8s.wasm":{"Children":null,"Asset":{"ContentRootIndex":2,"SubPath":"_framework/System.Globalization.Calendars.b8v1skbe8s.wasm"},"Patterns":null},"System.Globalization.Extensions.q14jyl0f63.wasm":{"Children":null,"Asset":{"ContentRootIndex":2,"SubPath":"_framework/System.Globalization.Extensions.q14jyl0f63.wasm"},"Patterns":null},"System.Globalization.uk5j2n4q9q.wasm":{"Children":null,"Asset":{"ContentRootIndex":2,"SubPath":"_framework/System.Globalization.uk5j2n4q9q.wasm"},"Patterns":null},"System.IO.Compression.Brotli.0d9bc0fpv3.wasm":{"Children":null,"Asset":{"ContentRootIndex":2,"SubPath":"_framework/System.IO.Compression.Brotli.0d9bc0fpv3.wasm"},"Patterns":null},"System.IO.Compression.FileSystem.vzs1r64fq5.wasm":{"Children":null,"Asset":{"ContentRootIndex":2,"SubPath":"_framework/System.IO.Compression.FileSystem.vzs1r64fq5.wasm"},"Patterns":null},"System.IO.Compression.fw8j6shsbg.wasm":{"Children":null,"Asset":{"ContentRootIndex":2,"SubPath":"_framework/System.IO.Compression.fw8j6shsbg.wasm"},"Patterns":null},"System.IO.Compression.ZipFile.l456uamlta.wasm":{"Children":null,"Asset":{"ContentRootIndex":2,"SubPath":"_framework/System.IO.Compression.ZipFile.l456uamlta.wasm"},"Patterns":null},"System.IO.FileSystem.AccessControl.o8bz012ntw.wasm":{"Children":null,"Asset":{"ContentRootIndex":2,"SubPath":"_framework/System.IO.FileSystem.AccessControl.o8bz012ntw.wasm"},"Patterns":null},"System.IO.FileSystem.DriveInfo.oxwfarn4ty.wasm":{"Children":null,"Asset":{"ContentRootIndex":2,"SubPath":"_framework/System.IO.FileSystem.DriveInfo.oxwfarn4ty.wasm"},"Patterns":null},"System.IO.FileSystem.Primitives.9muqu06oa8.wasm":{"Children":null,"Asset":{"ContentRootIndex":2,"SubPath":"_framework/System.IO.FileSystem.Primitives.9muqu06oa8.wasm"},"Patterns":null},"System.IO.FileSystem.v9n22fk38f.wasm":{"Children":null,"Asset":{"ContentRootIndex":2,"SubPath":"_framework/System.IO.FileSystem.v9n22fk38f.wasm"},"Patterns":null},"System.IO.FileSystem.Watcher.o8cjcp0ice.wasm":{"Children":null,"Asset":{"ContentRootIndex":2,"SubPath":"_framework/System.IO.FileSystem.Watcher.o8cjcp0ice.wasm"},"Patterns":null},"System.IO.IsolatedStorage.9vhkah53fa.wasm":{"Children":null,"Asset":{"ContentRootIndex":2,"SubPath":"_framework/System.IO.IsolatedStorage.9vhkah53fa.wasm"},"Patterns":null},"System.IO.MemoryMappedFiles.jg37o33u2g.wasm":{"Children":null,"Asset":{"ContentRootIndex":2,"SubPath":"_framework/System.IO.MemoryMappedFiles.jg37o33u2g.wasm"},"Patterns":null},"System.IO.Pipelines.m8gw8xovrl.wasm":{"Children":null,"Asset":{"ContentRootIndex":2,"SubPath":"_framework/System.IO.Pipelines.m8gw8xovrl.wasm"},"Patterns":null},"System.IO.Pipes.AccessControl.ubjul4iimj.wasm":{"Children":null,"Asset":{"ContentRootIndex":2,"SubPath":"_framework/System.IO.Pipes.AccessControl.ubjul4iimj.wasm"},"Patterns":null},"System.IO.Pipes.tr6ko8178w.wasm":{"Children":null,"Asset":{"ContentRootIndex":2,"SubPath":"_framework/System.IO.Pipes.tr6ko8178w.wasm"},"Patterns":null},"System.IO.r8l8ts73sd.wasm":{"Children":null,"Asset":{"ContentRootIndex":2,"SubPath":"_framework/System.IO.r8l8ts73sd.wasm"},"Patterns":null},"System.IO.UnmanagedMemoryStream.9x5r2dfka9.wasm":{"Children":null,"Asset":{"ContentRootIndex":2,"SubPath":"_framework/System.IO.UnmanagedMemoryStream.9x5r2dfka9.wasm"},"Patterns":null},"System.Linq.AsyncEnumerable.oqtxxpyzei.wasm":{"Children":null,"Asset":{"ContentRootIndex":2,"SubPath":"_framework/System.Linq.AsyncEnumerable.oqtxxpyzei.wasm"},"Patterns":null},"System.Linq.Expressions.l0tg1rhzu7.wasm":{"Children":null,"Asset":{"ContentRootIndex":2,"SubPath":"_framework/System.Linq.Expressions.l0tg1rhzu7.wasm"},"Patterns":null},"System.Linq.Parallel.bawv4yxbbr.wasm":{"Children":null,"Asset":{"ContentRootIndex":2,"SubPath":"_framework/System.Linq.Parallel.bawv4yxbbr.wasm"},"Patterns":null},"System.Linq.Queryable.13uyvs2m65.wasm":{"Children":null,"Asset":{"ContentRootIndex":2,"SubPath":"_framework/System.Linq.Queryable.13uyvs2m65.wasm"},"Patterns":null},"System.Linq.yj05whqi6q.wasm":{"Children":null,"Asset":{"ContentRootIndex":2,"SubPath":"_framework/System.Linq.yj05whqi6q.wasm"},"Patterns":null},"System.Memory.p7vftsf8pm.wasm":{"Children":null,"Asset":{"ContentRootIndex":2,"SubPath":"_framework/System.Memory.p7vftsf8pm.wasm"},"Patterns":null},"System.Net.Http.9h5ie4xkk1.wasm":{"Children":null,"Asset":{"ContentRootIndex":2,"SubPath":"_framework/System.Net.Http.9h5ie4xkk1.wasm"},"Patterns":null},"System.Net.Http.Json.ry70yye91s.wasm":{"Children":null,"Asset":{"ContentRootIndex":2,"SubPath":"_framework/System.Net.Http.Json.ry70yye91s.wasm"},"Patterns":null},"System.Net.HttpListener.kav73yswy8.wasm":{"Children":null,"Asset":{"ContentRootIndex":2,"SubPath":"_framework/System.Net.HttpListener.kav73yswy8.wasm"},"Patterns":null},"System.Net.Mail.zkr4j72qty.wasm":{"Children":null,"Asset":{"ContentRootIndex":2,"SubPath":"_framework/System.Net.Mail.zkr4j72qty.wasm"},"Patterns":null},"System.Net.NameResolution.h3wb4aej1v.wasm":{"Children":null,"Asset":{"ContentRootIndex":2,"SubPath":"_framework/System.Net.NameResolution.h3wb4aej1v.wasm"},"Patterns":null},"System.Net.NetworkInformation.gb4aeiq2br.wasm":{"Children":null,"Asset":{"ContentRootIndex":2,"SubPath":"_framework/System.Net.NetworkInformation.gb4aeiq2br.wasm"},"Patterns":null},"System.Net.Ping.6d1dciicd4.wasm":{"Children":null,"Asset":{"ContentRootIndex":2,"SubPath":"_framework/System.Net.Ping.6d1dciicd4.wasm"},"Patterns":null},"System.Net.Primitives.7rqkfu93yy.wasm":{"Children":null,"Asset":{"ContentRootIndex":2,"SubPath":"_framework/System.Net.Primitives.7rqkfu93yy.wasm"},"Patterns":null},"System.Net.Quic.sw9d7ttrw1.wasm":{"Children":null,"Asset":{"ContentRootIndex":2,"SubPath":"_framework/System.Net.Quic.sw9d7ttrw1.wasm"},"Patterns":null},"System.Net.Requests.kbz7gp18ts.wasm":{"Children":null,"Asset":{"ContentRootIndex":2,"SubPath":"_framework/System.Net.Requests.kbz7gp18ts.wasm"},"Patterns":null},"System.Net.Security.kdbeuj5m6q.wasm":{"Children":null,"Asset":{"ContentRootIndex":2,"SubPath":"_framework/System.Net.Security.kdbeuj5m6q.wasm"},"Patterns":null},"System.Net.ServerSentEvents.cm1nrks4fd.wasm":{"Children":null,"Asset":{"ContentRootIndex":2,"SubPath":"_framework/System.Net.ServerSentEvents.cm1nrks4fd.wasm"},"Patterns":null},"System.Net.ServicePoint.uku2jde0fo.wasm":{"Children":null,"Asset":{"ContentRootIndex":2,"SubPath":"_framework/System.Net.ServicePoint.uku2jde0fo.wasm"},"Patterns":null},"System.Net.Sockets.ocdgzs0kh4.wasm":{"Children":null,"Asset":{"ContentRootIndex":2,"SubPath":"_framework/System.Net.Sockets.ocdgzs0kh4.wasm"},"Patterns":null},"System.Net.tn8wq30nrk.wasm":{"Children":null,"Asset":{"ContentRootIndex":2,"SubPath":"_framework/System.Net.tn8wq30nrk.wasm"},"Patterns":null},"System.Net.WebClient.ea0daovk48.wasm":{"Children":null,"Asset":{"ContentRootIndex":2,"SubPath":"_framework/System.Net.WebClient.ea0daovk48.wasm"},"Patterns":null},"System.Net.WebHeaderCollection.vtjtki74a1.wasm":{"Children":null,"Asset":{"ContentRootIndex":2,"SubPath":"_framework/System.Net.WebHeaderCollection.vtjtki74a1.wasm"},"Patterns":null},"System.Net.WebProxy.ejatxs5x1y.wasm":{"Children":null,"Asset":{"ContentRootIndex":2,"SubPath":"_framework/System.Net.WebProxy.ejatxs5x1y.wasm"},"Patterns":null},"System.Net.WebSockets.6as380xemy.wasm":{"Children":null,"Asset":{"ContentRootIndex":2,"SubPath":"_framework/System.Net.WebSockets.6as380xemy.wasm"},"Patterns":null},"System.Net.WebSockets.Client.f1y1y78tck.wasm":{"Children":null,"Asset":{"ContentRootIndex":2,"SubPath":"_framework/System.Net.WebSockets.Client.f1y1y78tck.wasm"},"Patterns":null},"System.Numerics.29si41nrl1.wasm":{"Children":null,"Asset":{"ContentRootIndex":2,"SubPath":"_framework/System.Numerics.29si41nrl1.wasm"},"Patterns":null},"System.Numerics.Vectors.8g2ozds6wx.wasm":{"Children":null,"Asset":{"ContentRootIndex":2,"SubPath":"_framework/System.Numerics.Vectors.8g2ozds6wx.wasm"},"Patterns":null},"System.ObjectModel.28d8xfes8c.wasm":{"Children":null,"Asset":{"ContentRootIndex":2,"SubPath":"_framework/System.ObjectModel.28d8xfes8c.wasm"},"Patterns":null},"System.Private.CoreLib.2cf6zbapn7.wasm":{"Children":null,"Asset":{"ContentRootIndex":2,"SubPath":"_framework/System.Private.CoreLib.2cf6zbapn7.wasm"},"Patterns":null},"System.Private.DataContractSerialization.poqxskr6jm.wasm":{"Children":null,"Asset":{"ContentRootIndex":2,"SubPath":"_framework/System.Private.DataContractSerialization.poqxskr6jm.wasm"},"Patterns":null},"System.Private.Uri.i5b7nv1scp.wasm":{"Children":null,"Asset":{"ContentRootIndex":2,"SubPath":"_framework/System.Private.Uri.i5b7nv1scp.wasm"},"Patterns":null},"System.Private.Xml.4myktxi0sk.wasm":{"Children":null,"Asset":{"ContentRootIndex":2,"SubPath":"_framework/System.Private.Xml.4myktxi0sk.wasm"},"Patterns":null},"System.Private.Xml.Linq.vkd9z7v19h.wasm":{"Children":null,"Asset":{"ContentRootIndex":2,"SubPath":"_framework/System.Private.Xml.Linq.vkd9z7v19h.wasm"},"Patterns":null},"System.Reflection.DispatchProxy.8kxhu1f2k2.wasm":{"Children":null,"Asset":{"ContentRootIndex":2,"SubPath":"_framework/System.Reflection.DispatchProxy.8kxhu1f2k2.wasm"},"Patterns":null},"System.Reflection.e7edleultd.wasm":{"Children":null,"Asset":{"ContentRootIndex":2,"SubPath":"_framework/System.Reflection.e7edleultd.wasm"},"Patterns":null},"System.Reflection.Emit.81d01f8okp.wasm":{"Children":null,"Asset":{"ContentRootIndex":2,"SubPath":"_framework/System.Reflection.Emit.81d01f8okp.wasm"},"Patterns":null},"System.Reflection.Emit.ILGeneration.2l4norttpw.wasm":{"Children":null,"Asset":{"ContentRootIndex":2,"SubPath":"_framework/System.Reflection.Emit.ILGeneration.2l4norttpw.wasm"},"Patterns":null},"System.Reflection.Emit.Lightweight.n6o7inghxp.wasm":{"Children":null,"Asset":{"ContentRootIndex":2,"SubPath":"_framework/System.Reflection.Emit.Lightweight.n6o7inghxp.wasm"},"Patterns":null},"System.Reflection.Extensions.vz1tpu4w2h.wasm":{"Children":null,"Asset":{"ContentRootIndex":2,"SubPath":"_framework/System.Reflection.Extensions.vz1tpu4w2h.wasm"},"Patterns":null},"System.Reflection.Metadata.xpfo70g5i4.wasm":{"Children":null,"Asset":{"ContentRootIndex":2,"SubPath":"_framework/System.Reflection.Metadata.xpfo70g5i4.wasm"},"Patterns":null},"System.Reflection.Primitives.x0uhdy89fq.wasm":{"Children":null,"Asset":{"ContentRootIndex":2,"SubPath":"_framework/System.Reflection.Primitives.x0uhdy89fq.wasm"},"Patterns":null},"System.Reflection.TypeExtensions.2d4v93ili8.wasm":{"Children":null,"Asset":{"ContentRootIndex":2,"SubPath":"_framework/System.Reflection.TypeExtensions.2d4v93ili8.wasm"},"Patterns":null},"System.Resources.Reader.bxwl8f9oar.wasm":{"Children":null,"Asset":{"ContentRootIndex":2,"SubPath":"_framework/System.Resources.Reader.bxwl8f9oar.wasm"},"Patterns":null},"System.Resources.ResourceManager.xeyb7ee74d.wasm":{"Children":null,"Asset":{"ContentRootIndex":2,"SubPath":"_framework/System.Resources.ResourceManager.xeyb7ee74d.wasm"},"Patterns":null},"System.Resources.Writer.1qo05y7f1x.wasm":{"Children":null,"Asset":{"ContentRootIndex":2,"SubPath":"_framework/System.Resources.Writer.1qo05y7f1x.wasm"},"Patterns":null},"System.rui4syn6hk.wasm":{"Children":null,"Asset":{"ContentRootIndex":2,"SubPath":"_framework/System.rui4syn6hk.wasm"},"Patterns":null},"System.Runtime.3irusjkcak.wasm":{"Children":null,"Asset":{"ContentRootIndex":2,"SubPath":"_framework/System.Runtime.3irusjkcak.wasm"},"Patterns":null},"System.Runtime.CompilerServices.Unsafe.i55cp00pj3.wasm":{"Children":null,"Asset":{"ContentRootIndex":2,"SubPath":"_framework/System.Runtime.CompilerServices.Unsafe.i55cp00pj3.wasm"},"Patterns":null},"System.Runtime.CompilerServices.VisualC.bv5hp2f4ot.wasm":{"Children":null,"Asset":{"ContentRootIndex":2,"SubPath":"_framework/System.Runtime.CompilerServices.VisualC.bv5hp2f4ot.wasm"},"Patterns":null},"System.Runtime.Extensions.yeiz5lidbo.wasm":{"Children":null,"Asset":{"ContentRootIndex":2,"SubPath":"_framework/System.Runtime.Extensions.yeiz5lidbo.wasm"},"Patterns":null},"System.Runtime.Handles.bly9se6w8s.wasm":{"Children":null,"Asset":{"ContentRootIndex":2,"SubPath":"_framework/System.Runtime.Handles.bly9se6w8s.wasm"},"Patterns":null},"System.Runtime.InteropServices.JavaScript.gmy10vd6nd.wasm":{"Children":null,"Asset":{"ContentRootIndex":2,"SubPath":"_framework/System.Runtime.InteropServices.JavaScript.gmy10vd6nd.wasm"},"Patterns":null},"System.Runtime.InteropServices.nmmozjz9ea.wasm":{"Children":null,"Asset":{"ContentRootIndex":2,"SubPath":"_framework/System.Runtime.InteropServices.nmmozjz9ea.wasm"},"Patterns":null},"System.Runtime.InteropServices.RuntimeInformation.gviynhyajd.wasm":{"Children":null,"Asset":{"ContentRootIndex":2,"SubPath":"_framework/System.Runtime.InteropServices.RuntimeInformation.gviynhyajd.wasm"},"Patterns":null},"System.Runtime.Intrinsics.eiz27wub0x.wasm":{"Children":null,"Asset":{"ContentRootIndex":2,"SubPath":"_framework/System.Runtime.Intrinsics.eiz27wub0x.wasm"},"Patterns":null},"System.Runtime.Loader.kuimgk5lld.wasm":{"Children":null,"Asset":{"ContentRootIndex":2,"SubPath":"_framework/System.Runtime.Loader.kuimgk5lld.wasm"},"Patterns":null},"System.Runtime.Numerics.whjpyrns70.wasm":{"Children":null,"Asset":{"ContentRootIndex":2,"SubPath":"_framework/System.Runtime.Numerics.whjpyrns70.wasm"},"Patterns":null},"System.Runtime.Serialization.2lkto2pfsu.wasm":{"Children":null,"Asset":{"ContentRootIndex":2,"SubPath":"_framework/System.Runtime.Serialization.2lkto2pfsu.wasm"},"Patterns":null},"System.Runtime.Serialization.Formatters.0668kpc0uv.wasm":{"Children":null,"Asset":{"ContentRootIndex":2,"SubPath":"_framework/System.Runtime.Serialization.Formatters.0668kpc0uv.wasm"},"Patterns":null},"System.Runtime.Serialization.Json.skjazj1w5z.wasm":{"Children":null,"Asset":{"ContentRootIndex":2,"SubPath":"_framework/System.Runtime.Serialization.Json.skjazj1w5z.wasm"},"Patterns":null},"System.Runtime.Serialization.Primitives.qw0aojon80.wasm":{"Children":null,"Asset":{"ContentRootIndex":2,"SubPath":"_framework/System.Runtime.Serialization.Primitives.qw0aojon80.wasm"},"Patterns":null},"System.Runtime.Serialization.Xml.0idnxx5phj.wasm":{"Children":null,"Asset":{"ContentRootIndex":2,"SubPath":"_framework/System.Runtime.Serialization.Xml.0idnxx5phj.wasm"},"Patterns":null},"System.Security.AccessControl.83hut8yclb.wasm":{"Children":null,"Asset":{"ContentRootIndex":2,"SubPath":"_framework/System.Security.AccessControl.83hut8yclb.wasm"},"Patterns":null},"System.Security.Claims.408dwt1jdi.wasm":{"Children":null,"Asset":{"ContentRootIndex":2,"SubPath":"_framework/System.Security.Claims.408dwt1jdi.wasm"},"Patterns":null},"System.Security.Cryptography.Algorithms.q56xz4pv5l.wasm":{"Children":null,"Asset":{"ContentRootIndex":2,"SubPath":"_framework/System.Security.Cryptography.Algorithms.q56xz4pv5l.wasm"},"Patterns":null},"System.Security.Cryptography.Cng.t473z3rted.wasm":{"Children":null,"Asset":{"ContentRootIndex":2,"SubPath":"_framework/System.Security.Cryptography.Cng.t473z3rted.wasm"},"Patterns":null},"System.Security.Cryptography.Csp.hf4fb0kgpt.wasm":{"Children":null,"Asset":{"ContentRootIndex":2,"SubPath":"_framework/System.Security.Cryptography.Csp.hf4fb0kgpt.wasm"},"Patterns":null},"System.Security.Cryptography.Encoding.2z63gtvksp.wasm":{"Children":null,"Asset":{"ContentRootIndex":2,"SubPath":"_framework/System.Security.Cryptography.Encoding.2z63gtvksp.wasm"},"Patterns":null},"System.Security.Cryptography.OpenSsl.ov1dngxdpg.wasm":{"Children":null,"Asset":{"ContentRootIndex":2,"SubPath":"_framework/System.Security.Cryptography.OpenSsl.ov1dngxdpg.wasm"},"Patterns":null},"System.Security.Cryptography.pokmncm74l.wasm":{"Children":null,"Asset":{"ContentRootIndex":2,"SubPath":"_framework/System.Security.Cryptography.pokmncm74l.wasm"},"Patterns":null},"System.Security.Cryptography.Primitives.cf2ydcz7rp.wasm":{"Children":null,"Asset":{"ContentRootIndex":2,"SubPath":"_framework/System.Security.Cryptography.Primitives.cf2ydcz7rp.wasm"},"Patterns":null},"System.Security.Cryptography.X509Certificates.47h4bgvx6y.wasm":{"Children":null,"Asset":{"ContentRootIndex":2,"SubPath":"_framework/System.Security.Cryptography.X509Certificates.47h4bgvx6y.wasm"},"Patterns":null},"System.Security.Principal.dng7wzi55h.wasm":{"Children":null,"Asset":{"ContentRootIndex":2,"SubPath":"_framework/System.Security.Principal.dng7wzi55h.wasm"},"Patterns":null},"System.Security.Principal.Windows.i8cflbe238.wasm":{"Children":null,"Asset":{"ContentRootIndex":2,"SubPath":"_framework/System.Security.Principal.Windows.i8cflbe238.wasm"},"Patterns":null},"System.Security.SecureString.vhyvzx5sqo.wasm":{"Children":null,"Asset":{"ContentRootIndex":2,"SubPath":"_framework/System.Security.SecureString.vhyvzx5sqo.wasm"},"Patterns":null},"System.Security.zkpabn1ps3.wasm":{"Children":null,"Asset":{"ContentRootIndex":2,"SubPath":"_framework/System.Security.zkpabn1ps3.wasm"},"Patterns":null},"System.ServiceModel.Web.tfdf2rrj87.wasm":{"Children":null,"Asset":{"ContentRootIndex":2,"SubPath":"_framework/System.ServiceModel.Web.tfdf2rrj87.wasm"},"Patterns":null},"System.ServiceProcess.qt14oche4m.wasm":{"Children":null,"Asset":{"ContentRootIndex":2,"SubPath":"_framework/System.ServiceProcess.qt14oche4m.wasm"},"Patterns":null},"System.Text.Encoding.9922iezdue.wasm":{"Children":null,"Asset":{"ContentRootIndex":2,"SubPath":"_framework/System.Text.Encoding.9922iezdue.wasm"},"Patterns":null},"System.Text.Encoding.CodePages.46xyex2vw0.wasm":{"Children":null,"Asset":{"ContentRootIndex":2,"SubPath":"_framework/System.Text.Encoding.CodePages.46xyex2vw0.wasm"},"Patterns":null},"System.Text.Encoding.Extensions.0kcqj7ce8t.wasm":{"Children":null,"Asset":{"ContentRootIndex":2,"SubPath":"_framework/System.Text.Encoding.Extensions.0kcqj7ce8t.wasm"},"Patterns":null},"System.Text.Encodings.Web.ie124amqzy.wasm":{"Children":null,"Asset":{"ContentRootIndex":2,"SubPath":"_framework/System.Text.Encodings.Web.ie124amqzy.wasm"},"Patterns":null},"System.Text.Json.p04wcsnh19.wasm":{"Children":null,"Asset":{"ContentRootIndex":2,"SubPath":"_framework/System.Text.Json.p04wcsnh19.wasm"},"Patterns":null},"System.Text.RegularExpressions.q620y5jnez.wasm":{"Children":null,"Asset":{"ContentRootIndex":2,"SubPath":"_framework/System.Text.RegularExpressions.q620y5jnez.wasm"},"Patterns":null},"System.Threading.0qgqyd7fpu.wasm":{"Children":null,"Asset":{"ContentRootIndex":2,"SubPath":"_framework/System.Threading.0qgqyd7fpu.wasm"},"Patterns":null},"System.Threading.Channels.4dh7au0h2m.wasm":{"Children":null,"Asset":{"ContentRootIndex":2,"SubPath":"_framework/System.Threading.Channels.4dh7au0h2m.wasm"},"Patterns":null},"System.Threading.Overlapped.551fp2c6rs.wasm":{"Children":null,"Asset":{"ContentRootIndex":2,"SubPath":"_framework/System.Threading.Overlapped.551fp2c6rs.wasm"},"Patterns":null},"System.Threading.Tasks.29ijbcpn15.wasm":{"Children":null,"Asset":{"ContentRootIndex":2,"SubPath":"_framework/System.Threading.Tasks.29ijbcpn15.wasm"},"Patterns":null},"System.Threading.Tasks.Dataflow.5yg30fxhfx.wasm":{"Children":null,"Asset":{"ContentRootIndex":2,"SubPath":"_framework/System.Threading.Tasks.Dataflow.5yg30fxhfx.wasm"},"Patterns":null},"System.Threading.Tasks.Extensions.s9wa6akyio.wasm":{"Children":null,"Asset":{"ContentRootIndex":2,"SubPath":"_framework/System.Threading.Tasks.Extensions.s9wa6akyio.wasm"},"Patterns":null},"System.Threading.Tasks.Parallel.aq2lrwzvox.wasm":{"Children":null,"Asset":{"ContentRootIndex":2,"SubPath":"_framework/System.Threading.Tasks.Parallel.aq2lrwzvox.wasm"},"Patterns":null},"System.Threading.Thread.cjt0f8jctw.wasm":{"Children":null,"Asset":{"ContentRootIndex":2,"SubPath":"_framework/System.Threading.Thread.cjt0f8jctw.wasm"},"Patterns":null},"System.Threading.ThreadPool.23s3om1ecy.wasm":{"Children":null,"Asset":{"ContentRootIndex":2,"SubPath":"_framework/System.Threading.ThreadPool.23s3om1ecy.wasm"},"Patterns":null},"System.Threading.Timer.mhc1yslaz2.wasm":{"Children":null,"Asset":{"ContentRootIndex":2,"SubPath":"_framework/System.Threading.Timer.mhc1yslaz2.wasm"},"Patterns":null},"System.Transactions.242g3cxzlc.wasm":{"Children":null,"Asset":{"ContentRootIndex":2,"SubPath":"_framework/System.Transactions.242g3cxzlc.wasm"},"Patterns":null},"System.Transactions.Local.oxlmjbjv5n.wasm":{"Children":null,"Asset":{"ContentRootIndex":2,"SubPath":"_framework/System.Transactions.Local.oxlmjbjv5n.wasm"},"Patterns":null},"System.ValueTuple.uft3321c3j.wasm":{"Children":null,"Asset":{"ContentRootIndex":2,"SubPath":"_framework/System.ValueTuple.uft3321c3j.wasm"},"Patterns":null},"System.Web.HttpUtility.457nfsmkv4.wasm":{"Children":null,"Asset":{"ContentRootIndex":2,"SubPath":"_framework/System.Web.HttpUtility.457nfsmkv4.wasm"},"Patterns":null},"System.Web.znlzdciny4.wasm":{"Children":null,"Asset":{"ContentRootIndex":2,"SubPath":"_framework/System.Web.znlzdciny4.wasm"},"Patterns":null},"System.Windows.jbr0gkaeah.wasm":{"Children":null,"Asset":{"ContentRootIndex":2,"SubPath":"_framework/System.Windows.jbr0gkaeah.wasm"},"Patterns":null},"System.Xml.Linq.uqa9sdu06y.wasm":{"Children":null,"Asset":{"ContentRootIndex":2,"SubPath":"_framework/System.Xml.Linq.uqa9sdu06y.wasm"},"Patterns":null},"System.Xml.ReaderWriter.550nfsb9gp.wasm":{"Children":null,"Asset":{"ContentRootIndex":2,"SubPath":"_framework/System.Xml.ReaderWriter.550nfsb9gp.wasm"},"Patterns":null},"System.Xml.Serialization.ecmdqs5vny.wasm":{"Children":null,"Asset":{"ContentRootIndex":2,"SubPath":"_framework/System.Xml.Serialization.ecmdqs5vny.wasm"},"Patterns":null},"System.Xml.wij7b6zwf3.wasm":{"Children":null,"Asset":{"ContentRootIndex":2,"SubPath":"_framework/System.Xml.wij7b6zwf3.wasm"},"Patterns":null},"System.Xml.XDocument.zt0kyomqu6.wasm":{"Children":null,"Asset":{"ContentRootIndex":2,"SubPath":"_framework/System.Xml.XDocument.zt0kyomqu6.wasm"},"Patterns":null},"System.Xml.XmlDocument.o1x8f13xfm.wasm":{"Children":null,"Asset":{"ContentRootIndex":2,"SubPath":"_framework/System.Xml.XmlDocument.o1x8f13xfm.wasm"},"Patterns":null},"System.Xml.XmlSerializer.n7f6b7xscw.wasm":{"Children":null,"Asset":{"ContentRootIndex":2,"SubPath":"_framework/System.Xml.XmlSerializer.n7f6b7xscw.wasm"},"Patterns":null},"System.Xml.XPath.9ak6cagm5r.wasm":{"Children":null,"Asset":{"ContentRootIndex":2,"SubPath":"_framework/System.Xml.XPath.9ak6cagm5r.wasm"},"Patterns":null},"System.Xml.XPath.XDocument.vhs65pq8ht.wasm":{"Children":null,"Asset":{"ContentRootIndex":2,"SubPath":"_framework/System.Xml.XPath.XDocument.vhs65pq8ht.wasm"},"Patterns":null},"WebViewer.42ex11w8f4.pdb":{"Children":null,"Asset":{"ContentRootIndex":2,"SubPath":"_framework/WebViewer.42ex11w8f4.pdb"},"Patterns":null},"WebViewer.ib41u46rdi.wasm":{"Children":null,"Asset":{"ContentRootIndex":2,"SubPath":"_framework/WebViewer.ib41u46rdi.wasm"},"Patterns":null},"WindowsBase.03hen5ua0g.wasm":{"Children":null,"Asset":{"ContentRootIndex":2,"SubPath":"_framework/WindowsBase.03hen5ua0g.wasm"},"Patterns":null}},"Asset":null,"Patterns":null},"css":{"Children":{"app.css":{"Children":null,"Asset":{"ContentRootIndex":0,"SubPath":"css/app.css"},"Patterns":null},"dev_app.css":{"Children":null,"Asset":{"ContentRootIndex":0,"SubPath":"css/dev_app.css"},"Patterns":null},"bootstrap":{"Children":{"bootstrap.min.css":{"Children":null,"Asset":{"ContentRootIndex":0,"SubPath":"css/bootstrap/bootstrap.min.css"},"Patterns":null},"bootstrap.min.css.map":{"Children":null,"Asset":{"ContentRootIndex":0,"SubPath":"css/bootstrap/bootstrap.min.css.map"},"Patterns":null}},"Asset":null,"Patterns":null},"open-iconic":{"Children":{"FONT-LICENSE":{"Children":null,"Asset":{"ContentRootIndex":0,"SubPath":"css/open-iconic/FONT-LICENSE"},"Patterns":null},"ICON-LICENSE":{"Children":null,"Asset":{"ContentRootIndex":0,"SubPath":"css/open-iconic/ICON-LICENSE"},"Patterns":null},"README.md":{"Children":null,"Asset":{"ContentRootIndex":0,"SubPath":"css/open-iconic/README.md"},"Patterns":null},"font":{"Children":{"css":{"Children":{"open-iconic-bootstrap.min.css":{"Children":null,"Asset":{"ContentRootIndex":0,"SubPath":"css/open-iconic/font/css/open-iconic-bootstrap.min.css"},"Patterns":null}},"Asset":null,"Patterns":null},"fonts":{"Children":{"open-iconic.eot":{"Children":null,"Asset":{"ContentRootIndex":0,"SubPath":"css/open-iconic/font/fonts/open-iconic.eot"},"Patterns":null},"open-iconic.otf":{"Children":null,"Asset":{"ContentRootIndex":0,"SubPath":"css/open-iconic/font/fonts/open-iconic.otf"},"Patterns":null},"open-iconic.svg":{"Children":null,"Asset":{"ContentRootIndex":0,"SubPath":"css/open-iconic/font/fonts/open-iconic.svg"},"Patterns":null},"open-iconic.ttf":{"Children":null,"Asset":{"ContentRootIndex":0,"SubPath":"css/open-iconic/font/fonts/open-iconic.ttf"},"Patterns":null},"open-iconic.woff":{"Children":null,"Asset":{"ContentRootIndex":0,"SubPath":"css/open-iconic/font/fonts/open-iconic.woff"},"Patterns":null}},"Asset":null,"Patterns":null}},"Asset":null,"Patterns":null}},"Asset":null,"Patterns":null}},"Asset":null,"Patterns":null},"_content":{"Children":{"Microsoft.AspNetCore.Components.CustomElements":{"Children":{"Microsoft.AspNetCore.Components.CustomElements.lib.module.js":{"Children":null,"Asset":{"ContentRootIndex":3,"SubPath":"Microsoft.AspNetCore.Components.CustomElements.lib.module.js"},"Patterns":null}},"Asset":null,"Patterns":null}},"Asset":null,"Patterns":null}},"Asset":null,"Patterns":[{"ContentRootIndex":0,"Pattern":"**","Depth":0}]}}